zip,count
00048,1
00136,2
00153,2
00160,1
00165,1
00168,1
00187,1
00195,1
00196,2
00260,1
00615,1
00622,1
00646,1
00698,1
00716,1
00753,1
00773,1
00791,1
00820,3
00824,1
00911,1
00925,1
00957,1
00976,1
01002,8
01003,5
01040,1
01060,2
01063,9
01075,8
01099,2
01103,1
01201,1
01220,1
01245,1
01267,11
01360,1
01375,2
01430,1
01545,2
01569,1
01581,1
01605,1
01607,1
01608,1
01609,6
01610,11
01701,1
01702,1
01719,1
01742,1
01801,1
01809,1
01841,1
01844,1
01852,2
01854,1
01886,1
01915,1
01930,1
01982,5
01984,2
02062,2
02067,2
02111,1
02113,5
02114,3
02115,17
02116,10
02118,6
02120,9
02127,4
02128,2
02129,1
02130,5
02131,1
02134,14
02135,15
02136,1
02138,20
02139,20
02140,2
02141,3
02142,1
02143,7
02144,12
02145,3
02150,1
02151,1
02152,1
02155,18
02163,2
02169,1
02171,1
02176,1
02180,1
02184,1
02186,1
02215,38
02351,2
02360,1
02420,1
02445,1
02446,10
02452,1
02453,7
02454,1
02457,1
02458,1
02459,1
02461,1
02464,1
02467,9
02472,1
02474,2
02481,3
02482,1
02532,2
02633,2
02635,2
02642,2
02653,1
02660,1
02666,1
02667,3
02673,2
02703,1
02738,2
02740,1
02780,1
02809,3
02818,1
02840,1
02841,1
02842,1
02852,1
02878,2
02881,1
02882,4
02903,4
02905,1
02906,7
02908,4
02909,1
02912,19
02918,2
03053,1
03062,1
03253,2
03281,1
03301,1
03307,1
03431,1
03560,2
03753,2
03755,2
03766,2
03801,1
03820,1
03824,6
03907,2
04009,1
04011,6
04016,1
04038,1
04046,2
04079,1
04101,2
04106,1
04155,1
04240,4
04250,1
04410,1
04421,2
04468,1
04469,2
04473,1
04530,1
04576,1
04607,1
04609,1
04627,1
04640,2
04660,2
04669,2
04679,2
04841,1
04843,1
04852,1
04901,1
05061,1
05091,1
05201,2
05251,2
05401,16
05404,1
05405,20
05446,4
05489,1
05495,1
05607,1
05656,1
05663,1
05672,2
05735,2
05753,7
06000,2
06002,2
06030,1
06040,1
06066,1
06082,1
06084,1
06085,1
06100,1
06105,3
06106,4
06109,1
06117,2
06121,1
06135,1
06235,1
06237,1
06238,1
06239,1
06268,5
06269,2
06279,1
06281,1
06320,4
06333,1
06335,1
06340,2
06351,1
06370,1
06375,1
06400,1
06405,2
06416,1
06432,1
06457,6
06459,3
06460,2
06492,1
06498,1
06500,1
06510,2
06511,17
06516,5
06518,3
06519,2
06520,4
06560,1
06605,1
06776,1
06777,2
06794,1
06810,1
06824,3
06825,1
06870,1
06880,2
06901,1
06902,1
06906,1
07003,1
07006,1
07013,1
07014,2
07016,1
07024,1
07030,12
07032,3
07039,1
07040,1
07042,1
07043,1
07051,1
07052,1
07054,1
07059,1
07068,1
07070,1
07079,4
07086,1
07087,2
07090,1
07095,1
07102,1
07110,2
07302,2
07304,1
07305,1
07306,1
07310,1
07417,1
07422,2
07430,2
07470,2
07481,1
07621,1
07630,2
07670,2
07675,2
07712,1
07716,1
07719,1
07720,2
07732,2
07738,1
07740,5
07747,1
07755,1
07758,1
07764,1
07825,1
07830,1
07848,1
07849,1
07851,1
07852,1
07860,3
07869,1
07882,1
07901,1
07921,1
07922,3
07940,2
07960,1
08000,1
08001,1
08002,1
08004,1
08005,1
08008,8
08009,1
08010,1
08011,1
08012,1
08016,1
08020,1
08021,1
08022,1
08028,1
08034,2
08037,1
08043,1
08048,1
08052,1
08053,2
08054,1
08057,2
08065,1
08068,1
08075,1
08077,1
08080,1
08081,4
08085,2
08087,1
08088,1
08098,2
08102,1
08106,1
08108,1
08110,1
08121,1
08202,6
08203,6
08204,12
08205,1
08210,6
08212,2
08219,1
08226,13
08234,1
08243,3
08244,2
08247,3
08248,2
08251,10
08260,14
08318,2
08350,1
08361,1
08401,6
08402,12
08406,9
08436,1
08460,1
08502,1
08510,1
08520,1
08527,2
08535,1
08536,2
08540,7
08542,2
08544,7
08550,3
08558,1
08604,2
08618,1
08628,2
08638,2
08640,1
08641,3
08648,2
08701,4
08722,1
08742,3
08757,1
08758,1
08801,2
08802,1
08807,1
08809,1
08823,1
08844,1
08852,1
08853,2
08854,4
08865,3
08873,1
08876,1
08901,5
09012,4
09021,1
09034,1
09053,1
09054,2
09067,3
09096,5
09102,3
09112,2
09123,2
09128,6
09131,1
09140,1
09142,2
09173,2
09175,1
09180,1
09227,1
09265,1
09267,1
09304,1
09306,1
09309,1
09311,1
09312,1
09316,1
09330,1
09334,2
09342,1
09348,1
09354,2
09366,1
09379,1
09391,1
09392,1
09393,1
09396,1
09438,1
09456,1
09459,2
09464,1
09468,1
09469,1
09501,1
09502,2
09503,1
09510,1
09534,1
09601,1
09603,2
09613,2
09622,3
09627,2
09630,3
09642,1
09645,2
09649,1
09703,1
09728,1
09744,2
09751,1
09752,1
09812,1
09830,1
09831,1
09836,1
09839,1
09855,3
09857,1
09862,2
09869,1
09898,1
09975,1
10001,11
10002,10
10003,35
10004,1
10005,4
10006,1
10007,1
10008,1
10009,23
10010,13
10011,24
10012,15
10013,5
10014,6
10016,25
10017,11
10018,1
10019,16
10021,14
10022,8
10023,19
10024,11
10025,28
10026,5
10027,18
10028,6
10029,10
10030,2
10031,6
10032,11
10033,3
10034,2
10035,2
10036,5
10038,14
10039,1
10040,4
10044,1
10065,8
10075,4
10098,1
10110,1
10117,1
10119,2
10128,19
10243,1
10280,3
10282,1
10301,6
10305,1
10306,1
10308,1
10310,2
10312,1
10314,1
10330,1
10345,1
10400,1
10409,1
10437,1
10455,1
10458,7
10461,1
10463,3
10464,1
10465,1
10467,1
10469,1
10471,1
10475,1
10522,1
10528,1
10541,1
10543,1
10549,1
10556,1
10562,3
10570,1
10577,2
10598,1
10600,1
10601,2
10604,1
10707,1
10708,4
10710,1
10783,1
10801,4
10804,2
10825,1
10827,1
10922,1
10952,1
10956,1
10960,1
10961,1
10967,1
10990,3
10996,2
10997,5
10999,2
11001,1
11002,1
11004,1
11010,2
11021,1
11024,3
11101,3
11102,3
11103,6
11104,1
11105,3
11106,3
11201,13
11205,8
11206,10
11207,2
11209,8
11211,14
11213,2
11215,9
11216,10
11217,9
11218,3
11219,1
11220,1
11221,8
11222,6
11223,1
11224,1
11225,5
11226,5
11228,2
11229,2
11230,1
11231,3
11232,3
11233,1
11236,1
11237,2
11238,6
11243,1
11256,1
11355,1
11362,2
11364,3
11367,1
11368,1
11370,1
11372,1
11373,2
11375,4
11377,5
11379,1
11385,4
11413,1
11415,1
11417,1
11424,1
11432,1
11434,1
11435,2
11510,1
11530,1
11542,1
11549,16
11550,1
11553,4
11560,1
11577,1
11590,2
11693,1
11705,1
11718,1
11720,1
11727,1
11735,1
11743,3
11747,2
11756,1
11769,2
11776,1
11778,2
11784,1
11788,1
11790,1
11791,1
11796,1
11803,1
11901,1
11940,1
11942,1
11944,2
11967,1
11971,1
12010,1
12020,1
12051,1
12055,1
12110,1
12134,1
12159,2
12163,1
12180,17
12188,1
12206,1
12207,1
12209,2
12211,1
12222,3
12223,1
12257,1
12263,1
12308,2
12355,1
12457,1
12504,7
12508,1
12524,1
12526,1
12534,1
12538,3
12539,1
12545,1
12550,1
12553,1
12561,3
12564,1
12571,1
12578,1
12601,5
12603,1
12604,12
12683,1
12721,1
12771,1
12831,1
12832,1
12842,1
12845,1
12860,1
12865,1
12866,12
12883,2
12903,2
12969,2
12983,1
13000,1
13002,1
13008,1
13026,2
13088,1
13090,1
13118,1
13120,1
13126,1
13202,1
13206,1
13210,35
13224,2
13244,10
13323,9
13332,1
13346,10
13359,1
13361,1
13601,1
13603,2
13617,1
13637,1
13669,2
13673,2
13676,2
13695,1
13801,2
13820,1
13850,2
13855,1
13902,4
13905,1
14003,1
14051,2
14063,1
14072,1
14103,1
14109,1
14120,3
14127,1
14163,1
14174,1
14204,1
14214,1
14216,1
14217,1
14221,1
14228,1
14235,1
14420,2
14450,1
14454,1
14456,3
14466,1
14467,1
14526,1
14527,2
14532,1
14586,5
14604,1
14607,3
14611,1
14618,2
14619,1
14620,10
14623,47
14624,2
14627,20
14671,1
14701,1
14744,4
14757,2
14778,3
14787,2
14802,4
14830,3
14845,1
14850,72
14853,16
14870,1
14877,1
14886,1
14901,1
15000,1
15001,1673
15003,428
15004,14
15005,659
15006,7
15007,45
15009,802
15010,954
15012,944
15014,118
15015,120
15016,1
15017,1157
15018,37
15019,49
15020,8
15021,235
15022,377
15024,605
15025,980
15026,193
15027,118
15028,6
15030,40
15031,30
15032,3
15033,150
15034,115
15035,114
15037,664
15038,9
15042,648
15043,50
15044,2184
15045,194
15046,133
15047,19
15049,92
15050,74
15051,26
15052,121
15053,3
15054,18
15055,77
15056,49
15057,868
15059,165
15060,33
15061,605
15062,438
15063,543
15064,15
15065,656
15066,400
15067,73
15068,2138
15071,823
15072,1
15074,338
15075,15
15076,52
15078,16
15081,10
15082,23
15083,34
15084,415
15085,414
15086,53
15087,6
15088,16
15089,257
15090,2007
15091,2
15099,1
15101,2250
15102,2708
15104,430
15106,1312
15108,3277
15109,1
15110,246
15112,149
15116,1101
15120,1121
15122,1465
15126,462
15127,11
15129,798
15131,654
15132,891
15133,309
15134,11
15135,311
15136,1562
15137,663
15139,675
15140,113
15142,198
15143,1789
15144,237
15145,382
15146,2409
15147,1432
15148,99
15156,1
15201,1073
15202,1202
15203,609
15204,448
15205,1559
15206,2271
15207,753
15208,788
15209,872
15210,1115
15211,783
15212,1835
15213,1329
15214,929
15215,911
15216,1730
15217,2715
15218,1223
15219,710
15220,1341
15221,2336
15222,465
15223,413
15224,705
15225,42
15226,1090
15227,2065
15228,1583
15229,1090
15230,3
15232,760
15233,196
15234,1236
15235,3040
15236,2435
15237,3943
15238,1339
15239,1528
15241,1614
15242,1
15243,1569
15244,1
15260,1
15275,4
15282,1
15289,13
15301,2037
15310,11
15311,42
15312,79
15313,9
15314,142
15315,30
15316,10
15317,2209
15320,242
15321,102
15322,82
15323,88
15324,12
15325,17
15327,28
15329,36
15330,212
15331,22
15332,325
15333,52
15334,7
15337,23
15338,56
15340,51
15341,16
15342,256
15343,3
15344,93
15345,36
15346,22
15347,9
15348,9
15349,83
15350,22
15351,20
15352,25
15353,6
15357,113
15358,23
15359,4
15360,49
15361,1
15362,20
15363,21
15364,24
15365,4
15366,6
15367,378
15368,14
15370,579
15376,38
15377,13
15378,4
15379,1
15380,29
15401,1339
15410,13
15411,24
15412,5
15413,8
15415,2
15416,3
15417,292
15419,102
15420,9
15421,18
15422,6
15423,69
15424,66
15425,499
15427,41
15428,28
15429,12
15430,10
15431,110
15432,11
15433,30
15434,4
15435,16
15436,84
15437,61
15438,77
15439,2
15440,2
15442,49
15443,8
15444,19
15445,106
15446,15
15447,3
15448,1
15449,1
15450,6
15451,12
15454,1
15455,6
15456,69
15458,66
15459,21
15461,156
15462,3
15463,16
15464,17
15465,7
15466,7
15467,1
15468,62
15469,30
15470,24
15471,2
15472,4
15473,153
15474,54
15475,37
15476,3
15477,35
15478,124
15479,43
15480,72
15482,15
15483,11
15484,1
15486,57
15488,5
15489,6
15490,8
15492,2
15501,572
15502,28
15520,3
15521,39
15522,346
15530,136
15531,94
15533,14
15534,13
15535,24
15537,184
15538,14
15539,7
15540,10
15541,84
15542,27
15544,4
15545,31
15546,12
15547,10
15549,3
15550,26
15551,21
15552,119
15553,8
15554,69
15557,75
15558,32
15559,54
15560,6
15561,4
15562,9
15563,103
15565,5
15601,3166
15610,134
15611,13
15612,9
15613,658
15615,2
15616,6
15617,2
15618,75
15619,5
15620,27
15621,1
15622,58
15623,41
15624,19
15625,10
15626,419
15627,272
15628,11
15629,18
15631,9
15632,660
15633,3
15634,14
15635,1
15636,178
15637,47
15638,5
15639,55
15640,11
15641,19
15642,2835
15644,718
15646,7
15647,6
15650,1221
15655,21
15656,426
15658,462
15660,4
15661,27
15662,3
15663,11
15664,1
15665,63
15666,609
15668,1356
15670,106
15671,25
15672,119
15673,25
15674,15
15675,22
15676,11
15677,10
15678,15
15679,69
15680,3
15681,195
15682,4
15683,334
15684,17
15685,7
15686,19
15687,40
15688,19
15689,2
15690,256
15691,6
15692,45
15693,6
15695,2
15696,11
15697,103
15698,8
15701,1788
15705,65
15710,7
15711,9
15712,4
15713,4
15714,205
15715,18
15716,10
15717,498
15720,4
15721,2
15722,68
15723,2
15724,55
15725,50
15727,3
15728,115
15729,48
15730,2
15731,12
15732,44
15733,1
15734,12
15736,8
15737,15
15738,12
15739,13
15741,3
15742,30
15743,1
15744,2
15745,23
15746,9
15747,77
15748,339
15750,7
15752,3
15753,16
15754,23
15756,6
15757,43
15759,96
15761,1
15762,43
15763,1
15764,7
15765,60
15767,455
15770,4
15771,29
15772,52
15773,14
15774,79
15775,1
15776,5
15777,1
15778,3
15779,6
15780,4
15783,7
15784,3
15801,745
15821,10
15823,47
15824,188
15825,301
15827,20
15828,15
15829,21
15831,4
15832,5
15834,158
15840,62
15841,8
15845,149
15846,162
15847,3
15848,20
15849,36
15851,179
15853,244
15856,33
15857,614
15860,41
15861,6
15863,2
15864,38
15865,32
15866,7
15868,86
15870,59
15901,178
15902,415
15904,866
15905,1194
15906,449
15907,9
15909,225
15920,39
15921,19
15922,5
15923,30
15924,31
15925,11
15926,107
15927,30
15928,80
15929,1
15930,6
15931,475
15934,4
15935,74
15936,44
15937,15
15938,87
15940,85
15942,93
15943,156
15944,117
15945,14
15946,311
15948,17
15949,24
15951,21
15952,33
15953,1
15954,71
15955,61
15956,81
15957,13
15958,75
15959,9
15960,9
15961,42
15962,3
15963,369
15994,1
16001,166
16002,61
16003,6
16020,2
16022,3
16023,8
16025,9
16027,4
16028,44
16029,2
16033,22
16034,5
16035,3
16036,11
16037,13
16038,30
16039,2
16041,19
16045,4
16046,404
16049,58
16051,49
16052,3
16053,22
16054,8
16055,83
16056,9
16057,139
16059,80
16061,8
16063,35
16066,141
16082,1
16084,1
16101,1309
16102,246
16103,8
16105,1068
16107,6
16110,8
16111,15
16112,64
16113,15
16114,15
16115,91
16116,92
16117,651
16120,68
16121,147
16123,80
16124,40
16125,553
16127,517
16130,54
16131,36
16132,11
16133,38
16134,189
16136,19
16137,419
16140,3
16141,34
16142,196
16143,120
16145,53
16146,402
16148,1008
16150,298
16151,1
16153,55
16154,104
16155,33
16156,101
16157,125
16159,169
16160,40
16161,14
16172,8
16201,442
16210,8
16211,2
16212,5
16213,1
16214,366
16217,14
16218,22
16220,3
16222,37
16223,2
16224,26
16225,2
16226,249
16228,13
16229,102
16230,11
16232,108
16233,49
16234,3
16235,71
16236,7
16238,8
16239,66
16240,13
16242,83
16244,1
16246,7
16248,97
16249,45
16250,4
16253,2
16254,143
16255,51
16256,25
16258,38
16259,23
16260,5
16261,2
16262,51
16263,5
16265,1
16301,656
16311,8
16312,1
16313,58
16314,155
16316,296
16317,56
16319,46
16321,5
16322,6
16323,772
16326,10
16327,96
16328,10
16329,29
16331,2
16332,4
16333,7
16334,21
16335,1519
16340,69
16341,69
16342,67
16343,17
16344,11
16345,178
16346,144
16347,47
16350,69
16351,53
16352,6
16353,163
16354,374
16360,42
16361,2
16362,24
16364,34
16365,747
16370,9
16371,134
16372,27
16373,112
16374,104
16375,2
16401,190
16402,17
16403,248
16404,72
16405,15
16406,104
16407,380
16410,62
16411,69
16412,550
16413,2
16415,733
16416,4
16417,503
16420,13
16421,152
16422,8
16423,162
16424,238
16426,215
16427,6
16428,612
16430,5
16433,209
16434,50
16435,59
16436,13
16438,298
16440,36
16441,538
16442,101
16443,50
16444,7
16501,71
16502,489
16503,304
16504,873
16505,1352
16506,1985
16507,260
16508,797
16509,2115
16510,1487
16511,714
16512,10
16514,10
16541,8
16546,8
16551,1
16563,8
16601,567
16602,687
16603,5
16611,33
16613,52
16616,6
16617,40
16619,16
16620,5
16621,3
16622,5
16623,7
16624,6
16625,41
16627,51
16629,1
16630,168
16631,3
16633,2
16634,5
16635,301
16636,41
16637,40
16639,26
16640,45
16641,74
16644,10
16645,4
16646,89
16647,15
16648,536
16650,34
16651,126
16652,273
16655,24
16656,23
16657,12
16659,2
16660,2
16661,24
16662,136
16663,5
16664,16
16665,6
16666,60
16667,25
16668,134
16669,23
16670,3
16671,8
16672,2
16673,101
16674,7
16675,5
16677,8
16678,60
16679,11
16680,17
16681,4
16682,1
16683,2
16684,2
16685,3
16686,193
16692,15
16693,35
16694,2
16695,8
16698,1
16701,458
16720,52
16724,1
16725,5
16726,12
16727,6
16729,8
16730,2
16731,86
16732,4
16733,2
16734,10
16735,218
16738,30
16740,30
16743,137
16744,7
16745,11
16746,31
16748,72
16749,105
16750,6
16801,1338
16802,171
16803,704
16804,3
16805,3
16820,17
16821,4
16822,70
16823,618
16825,7
16826,26
16827,292
16828,113
16829,18
16830,514
16832,3
16833,185
16834,9
16835,10
16836,32
16837,3
16838,64
16839,10
16840,28
16841,115
16843,15
16844,49
16845,23
16847,3
16848,6
16849,12
16850,4
16851,64
16852,8
16853,23
16854,20
16855,5
16856,15
16858,99
16859,3
16860,9
16861,5
16863,28
16865,31
16866,202
16868,20
16870,202
16872,16
16873,2
16874,23
16875,78
16876,4
16877,22
16878,60
16879,10
16881,56
16882,7
16901,522
16911,1
16912,60
16914,63
16915,243
16917,35
16920,50
16921,16
16922,92
16923,38
16925,102
16926,31
16927,5
16928,38
16929,61
16930,36
16932,21
16933,262
16935,38
16936,60
16937,6
16938,32
16939,1
16940,1
16942,12
16943,15
16946,64
16947,195
16948,52
16950,98
17000,1
17001,1
17002,1
17003,62
17004,124
17005,3
17006,25
17007,345
17009,59
17010,3
17011,2244
17013,1786
17014,2
17015,1166
17016,14
17017,57
17018,213
17019,1039
17020,310
17021,25
17022,1628
17023,111
17024,53
17025,846
17026,14
17027,27
17028,94
17029,11
17030,26
17032,317
17033,1041
17034,99
17035,15
17036,1856
17037,32
17038,8
17040,87
17041,2
17042,113
17043,296
17044,722
17045,114
17046,49
17047,72
17048,99
17049,96
17050,2542
17051,126
17052,11
17053,238
17054,1
17055,2433
17056,3
17057,917
17058,43
17059,242
17060,13
17061,254
17062,146
17063,64
17064,10
17065,162
17066,61
17067,66
17068,134
17069,5
17070,880
17071,1
17072,9
17073,21
17074,223
17075,5
17076,2
17078,193
17080,8
17081,7
17082,81
17084,187
17085,1
17086,49
17087,11
17090,123
17093,6
17094,63
17097,15
17098,76
17099,51
17101,150
17102,574
17103,331
17104,531
17105,9
17106,7
17108,8
17109,1388
17110,2186
17111,2220
17112,2677
17113,490
17120,2
17126,1
17149,1
17201,1297
17202,1321
17205,1
17210,4
17211,7
17213,4
17214,46
17215,1
17217,1
17219,5
17220,6
17221,9
17222,628
17224,57
17225,628
17229,1
17230,1
17231,1
17232,2
17233,1
17235,10
17236,239
17237,58
17239,2
17240,76
17241,349
17242,1
17243,10
17244,55
17246,3
17247,5
17249,6
17250,8
17251,11
17252,78
17253,3
17254,21
17255,14
17256,3
17257,899
17260,5
17261,5
17262,8
17263,3
17264,12
17265,12
17266,12
17267,1
17268,1142
17270,1
17271,8
17272,12
17301,143
17302,66
17303,24
17304,102
17306,9
17307,227
17309,55
17310,5
17311,6
17312,2
17313,370
17314,122
17315,1372
17316,374
17317,5
17318,9
17319,527
17320,309
17321,63
17322,184
17323,5
17324,125
17325,1693
17327,318
17329,115
17331,2556
17337,1
17339,399
17340,511
17342,5
17343,8
17344,146
17345,357
17347,393
17349,465
17350,670
17352,31
17353,172
17355,1
17356,898
17358,2
17360,305
17361,341
17362,501
17363,414
17364,132
17365,112
17366,171
17368,212
17370,233
17371,6
17372,118
17401,235
17402,2162
17403,1578
17404,1398
17405,5
17406,1081
17407,93
17408,1385
17445,1
17493,1
17494,1
17501,165
17502,54
17503,2
17504,2
17505,28
17506,1
17507,10
17508,32
17509,82
17512,614
17516,153
17517,504
17518,16
17519,113
17520,224
17521,2
17522,1302
17527,112
17529,120
17532,105
17533,3
17534,9
17535,29
17536,64
17537,11
17538,384
17540,363
17543,3018
17545,836
17547,257
17549,1
17550,16
17551,488
17552,1098
17553,1
17554,340
17555,176
17557,479
17560,174
17561,1
17562,52
17563,56
17564,3
17565,115
17566,324
17567,5
17568,1
17569,186
17572,79
17575,7
17576,5
17578,201
17579,236
17580,2
17581,12
17582,67
17584,617
17585,4
17601,3468
17602,2143
17603,2931
17604,10
17605,2
17608,17
17693,1
17694,1
17701,1394
17702,285
17703,1
17720,4
17721,31
17723,1
17724,112
17726,1
17727,1
17728,144
17729,6
17730,1
17731,16
17734,1
17735,1
17737,195
17739,3
17740,336
17744,77
17745,596
17747,48
17748,14
17750,5
17751,225
17752,103
17754,509
17756,368
17758,53
17760,19
17762,1
17763,3
17764,76
17765,18
17768,23
17769,2
17771,100
17772,41
17774,30
17776,4
17777,93
17778,3
17779,13
17801,235
17810,22
17812,24
17813,53
17814,130
17815,1089
17820,172
17821,924
17823,6
17824,134
17827,20
17829,3
17830,27
17831,8
17832,7
17833,3
17834,120
17835,2
17837,716
17839,1
17840,3
17841,97
17842,221
17844,232
17845,23
17846,111
17847,155
17850,4
17851,158
17853,70
17855,21
17856,59
17857,153
17859,106
17860,46
17861,2
17862,3
17864,39
17866,166
17868,14
17870,723
17872,147
17876,77
17877,1
17878,55
17881,20
17882,2
17884,4
17885,2
17886,19
17887,1
17888,15
17889,97
17901,740
17920,3
17921,149
17922,165
17923,3
17925,8
17929,36
17930,7
17931,154
17933,1
17934,19
17935,31
17936,16
17938,38
17941,19
17943,5
17944,5
17946,6
17948,117
17949,2
17951,6
17952,2
17953,14
17954,117
17957,10
17959,35
17960,120
17961,269
17963,141
17964,16
17965,63
17967,47
17968,6
17970,110
17972,285
17974,4
17976,110
17978,4
17980,64
17981,31
17982,14
17983,29
17985,33
18002,3
18007,1
18011,121
18012,3
18013,853
18014,731
18015,1117
18016,2
18017,3018
18018,932
18020,1646
18030,11
18031,54
18032,219
18034,207
18035,23
18036,436
18037,137
18038,176
18039,14
18040,1448
18041,166
18042,1845
18043,3
18044,3
18045,2797
18046,1
18049,453
18051,72
18052,436
18053,25
18054,170
18055,820
18056,23
18058,346
18059,8
18062,494
18063,35
18064,1900
18065,5
18066,71
18067,1308
18068,4
18069,147
18070,15
18071,450
18072,315
18073,406
18074,175
18076,134
18077,158
18078,133
18080,145
18081,20
18083,21
18084,1
18085,35
18086,5
18087,8
18088,522
18091,361
18092,58
18101,20
18102,222
18103,586
18104,857
18106,143
18109,155
18122,1
18201,482
18202,375
18210,352
18211,43
18212,6
18214,74
18216,24
18218,73
18219,50
18220,4
18221,5
18222,377
18223,5
18224,169
18225,1
18229,508
18230,3
18231,9
18232,138
18234,4
18235,880
18237,67
18239,1
18240,183
18241,7
18242,3
18244,4
18245,3
18247,4
18248,4
18249,146
18250,145
18251,3
18252,248
18254,25
18255,174
18256,7
18301,1147
18302,796
18320,21
18321,96
18322,110
18323,30
18324,637
18325,139
18326,226
18327,31
18328,406
18330,338
18331,20
18332,141
18333,33
18334,169
18335,37
18336,275
18337,1039
18338,1
18340,13
18341,1
18342,7
18343,176
18344,151
18346,105
18347,216
18348,5
18349,8
18350,133
18351,15
18352,29
18353,659
18354,57
18355,83
18356,33
18357,2
18360,1442
18362,1
18370,66
18371,48
18372,126
18403,673
18405,138
18407,631
18410,3
18411,1590
18413,5
18414,350
18415,74
18417,52
18419,232
18420,11
18421,175
18424,294
18425,62
18426,305
18427,22
18428,981
18430,2
18431,728
18433,374
18434,278
18435,65
18436,971
18437,9
18438,106
18439,30
18440,4
18441,1
18443,36
18444,842
18445,105
18446,101
18447,663
18451,46
18452,350
18453,75
18454,6
18455,5
18456,24
18457,5
18458,201
18459,6
18460,12
18461,18
18462,14
18463,19
18464,129
18465,45
18466,647
18469,40
18470,62
18471,50
18472,215
18473,13
18490,1
18501,1
18502,6
18503,136
18504,1025
18505,1139
18507,389
18508,526
18509,815
18510,585
18512,906
18517,267
18518,625
18519,310
18541,1
18602,15
18603,562
18610,262
18611,1
18612,706
18614,115
18615,103
18616,31
18617,58
18618,113
18619,3
18621,94
18622,6
18623,70
18624,30
18625,32
18626,56
18627,4
18628,7
18629,61
18630,93
18631,41
18632,9
18634,565
18635,51
18636,52
18640,866
18641,348
18642,231
18643,527
18644,367
18651,259
18653,2
18655,167
18656,50
18657,649
18660,106
18661,164
18701,80
18702,1258
18703,7
18704,1281
18705,642
18706,562
18707,685
18708,478
18709,117
18711,5
18766,8
18790,1
18801,226
18810,211
18812,49
18813,1
18814,4
18816,4
18817,10
18818,30
18821,23
18822,70
18823,7
18824,21
18825,9
18826,48
18828,1
18829,30
18830,24
18831,50
18832,54
18833,78
18834,79
18837,99
18840,596
18842,15
18843,9
18844,43
18845,11
18846,31
18847,131
18848,419
18850,68
18851,33
18853,124
18854,53
18901,2420
18902,1393
18904,1
18910,19
18911,19
18912,27
18913,53
18914,1520
18915,78
18916,10
18917,87
18920,48
18921,11
18922,5
18923,68
18925,440
18927,12
18928,22
18929,530
18930,109
18931,32
18932,46
18933,25
18934,28
18935,13
18936,13
18938,1359
18939,1
18940,2711
18942,171
18943,14
18944,1315
18946,10
18947,362
18949,19
18950,41
18951,1600
18953,19
18954,601
18955,55
18956,4
18957,2
18958,5
18960,734
18962,20
18963,51
18964,628
18966,2310
18968,5
18969,743
18970,33
18971,3
18972,203
18974,3402
18976,1710
18977,487
18979,2
18980,29
18981,6
18992,1
19001,789
19002,1795
19003,740
19004,835
19006,1126
19007,933
19008,528
19009,25
19010,940
19012,242
19013,586
19014,545
19015,289
19017,13
19018,505
19020,2578
19021,352
19022,40
19023,327
19024,1
19025,529
19026,777
19027,1174
19028,1
19029,61
19030,753
19031,406
19032,81
19033,130
19034,339
19035,341
19036,270
19037,2
19038,1462
19039,2
19040,1046
19041,528
19043,52
19044,657
19046,1331
19047,2451
19050,709
19052,4
19053,1309
19054,754
19055,644
19056,710
19057,788
19058,8
19059,1
19060,426
19061,468
19062,1
19063,1965
19064,648
19065,2
19066,472
19067,3446
19070,185
19072,734
19073,1125
19074,121
19075,326
19076,120
19078,258
19079,188
19081,321
19082,652
19083,851
19085,357
19086,493
19087,1348
19090,770
19093,1
19094,85
19095,380
19096,1018
19100,1
19101,8
19102,347
19103,1909
19104,912
19105,3
19106,997
19107,538
19111,1718
19114,1077
19115,1113
19116,956
19118,697
19119,1520
19120,1246
19121,773
19122,566
19123,606
19124,991
19125,693
19126,626
19127,235
19128,1733
19129,561
19130,1570
19131,1575
19132,839
19133,340
19134,786
19135,593
19136,732
19137,158
19138,1260
19139,1229
19140,1042
19141,1134
19142,541
19143,2175
19144,1440
19145,1227
19146,1639
19147,1793
19148,1497
19149,829
19150,1569
19151,1014
19152,948
19153,481
19154,925
19225,1
19301,326
19310,56
19311,274
19312,439
19316,2
19317,371
19319,8
19320,1873
19322,1
19330,150
19331,1
19333,277
19335,1672
19341,792
19342,757
19343,291
19344,373
19345,9
19347,2
19348,1154
19350,498
19351,3
19352,226
19353,1
19354,2
19355,1164
19357,7
19358,2
19360,5
19362,104
19363,372
19365,179
19366,4
19367,3
19369,3
19372,85
19373,51
19374,20
19375,27
19376,4
19380,1848
19381,4
19382,1788
19383,23
19390,504
19395,7
19399,2
19400,1
19401,1093
19403,2835
19404,3
19405,72
19406,1012
19407,1
19409,2
19421,23
19422,1387
19424,1
19425,535
19426,1953
19428,776
19430,5
19432,2
19434,1
19435,14
19436,189
19437,53
19438,1020
19440,705
19442,34
19443,3
19444,924
19446,2631
19450,11
19453,79
19454,1420
19456,17
19457,3
19460,1799
19462,799
19463,2
19464,1522
19465,417
19468,1255
19470,3
19472,5
19473,648
19474,35
19475,330
19477,27
19478,5
19480,3
19481,25
19486,7
19490,27
19492,49
19496,1
19501,21
19503,30
19504,151
19505,142
19506,201
19507,65
19508,465
19510,268
19511,4
19512,435
19513,1
19518,532
19519,1
19520,196
19522,433
19523,1
19525,571
19526,364
19529,41
19530,391
19533,179
19534,52
19535,1
19536,5
19539,144
19540,386
19541,157
19543,161
19544,3
19545,4
19547,156
19550,7
19551,123
19554,9
19555,78
19559,2
19560,279
19562,98
19564,2
19565,346
19567,169
19601,409
19602,173
19603,16
19604,310
19605,697
19606,1244
19607,820
19608,743
19609,348
19610,926
19611,246
19612,9
19623,1
19701,3
19702,2
19703,2
19709,2
19711,40
19713,5
19717,29
19720,2
19734,1
19801,1
19803,6
19805,1
19807,1
19808,2
19809,4
19810,1
19844,1
19850,1
19874,1
19901,5
19904,3
19930,1
19934,1
19935,1
19938,1
19945,8
19950,1
19958,10
19963,1
19966,7
19970,8
19971,11
20001,22
20002,24
20003,24
20004,1
20005,6
20006,6
20007,19
20008,13
20009,31
20010,15
20011,8
20012,4
20016,64
20017,5
20018,4
20020,1
20024,3
20032,1
20036,3
20037,20
20052,20
20057,21
20059,1
20064,8
20077,1
20105,2
20109,1
20110,1
20112,2
20120,1
20121,2
20123,1
20127,1
20132,2
20137,1
20147,2
20150,1
20152,1
20155,1
20164,1
20171,1
20175,2
20176,1
20180,1
20186,1
20187,1
20189,6
20190,2
20191,4
20194,1
20195,1
20501,2
20601,1
20603,3
20619,1
20636,1
20650,2
20657,1
20670,1
20685,1
20686,3
20707,2
20721,1
20723,2
20732,1
20735,2
20736,1
20740,19
20742,18
20747,1
20755,2
20756,1
20762,2
20763,1
20765,1
20770,1
20782,4
20783,1
20814,6
20815,4
20817,1
20850,9
20851,1
20852,8
20853,3
20854,3
20861,1
20871,2
20874,1
20877,1
20878,1
20882,1
20886,1
20895,1
20901,1
20902,1
20904,2
20905,1
20906,1
20910,14
20912,1
21000,1
21001,1
21003,1
21012,1
21017,1
21030,2
21040,1
21042,1
21043,1
21044,1
21050,1
21053,2
21061,2
21076,1
21077,1
21078,2
21084,1
21090,1
21093,3
21100,1
21113,2
21114,1
21117,4
21122,1
21133,1
21136,1
21157,1
21158,1
21201,10
21202,4
21204,9
21205,3
21207,1
21208,1
21209,3
21210,14
21211,4
21212,1
21214,1
21217,4
21218,14
21221,1
21224,8
21228,1
21230,10
21231,6
21234,2
21236,1
21237,2
21239,2
21252,5
21286,2
21335,1
21400,1
21401,3
21402,2
21403,2
21409,2
21412,5
21502,2
21532,3
21541,1
21543,1
21601,1
21613,2
21617,1
21620,3
21661,2
21663,1
21701,6
21716,2
21727,7
21740,1
21771,2
21784,1
21793,2
21801,5
21804,1
21811,1
21813,2
21842,9
21903,1
21915,1
21921,2
22003,4
22015,6
22030,7
22031,3
22033,2
22041,1
22042,1
22043,1
22044,1
22060,2
22079,1
22082,1
22102,1
22134,2
22150,1
22152,2
22153,2
22180,2
22182,1
22191,2
22192,1
22201,14
22202,9
22203,3
22204,5
22205,3
22206,2
22207,4
22209,10
22301,2
22302,4
22303,6
22304,4
22306,4
22307,1
22308,2
22310,1
22311,1
22312,1
22314,7
22315,3
22397,1
22401,8
22405,1
22454,2
22455,1
22527,1
22554,2
22556,1
22572,1
22601,5
22630,4
22657,2
22801,16
22802,10
22807,7
22812,2
22831,2
22840,2
22901,2
22902,2
22903,13
22904,2
22911,2
22932,1
22947,2
22980,1
23005,3
23059,1
23060,3
23062,1
23072,1
23075,1
23089,1
23112,3
23113,2
23114,3
23117,1
23120,1
23150,1
23168,1
23173,7
23185,10
23186,8
23187,15
23188,8
23192,2
23219,1
23220,5
23223,2
23225,2
23228,2
23229,3
23231,1
23235,2
23294,1
23314,1
23320,5
23321,2
23322,2
23325,1
23336,1
23356,2
23434,4
23435,2
23451,2
23452,3
23454,4
23455,4
23456,9
23461,1
23462,3
23464,4
23503,2
23505,2
23507,2
23508,4
23510,1
23511,2
23518,2
23601,1
23602,4
23606,2
23664,1
23666,1
23669,1
23703,1
23831,1
23836,1
23872,1
23876,2
23901,1
23927,2
23943,1
24011,1
24014,1
24018,1
24019,1
24060,27
24061,10
24073,1
24141,2
24142,1
24147,1
24151,2
24153,3
24162,2
24210,2
24330,1
24426,1
24450,11
24501,4
24502,14
24503,4
24506,3
24515,10
24541,1
24551,2
24588,1
24901,2
24963,1
24997,1
25064,1
25201,1
25301,1
25306,1
25309,1
25401,1
25403,2
25404,1
25405,1
25413,1
25526,1
25701,2
25705,1
25846,1
25848,2
25995,2
26003,5
26101,1
26104,1
26184,1
26452,1
26501,3
26505,39
26506,3
26508,11
26546,1
26554,1
26753,2
26801,1
26851,2
27000,1
27101,1
27103,2
27104,1
27105,1
27106,2
27109,6
27127,2
27207,1
27244,7
27268,1
27272,1
27278,1
27330,3
27332,1
27376,1
27377,2
27410,1
27411,1
27413,2
27510,2
27514,4
27516,6
27517,1
27518,3
27520,1
27524,1
27526,2
27530,1
27534,2
27540,2
27549,1
27560,2
27587,2
27596,1
27601,2
27603,1
27606,5
27607,2
27609,2
27612,1
27614,1
27615,2
27617,2
27701,2
27704,1
27705,8
27707,2
27708,6
27712,1
27753,1
27807,1
27834,1
27858,1
27889,1
27891,1
27915,2
27927,3
27948,1
27949,3
27960,1
28004,1
28005,1
28012,2
28013,1
28015,1
28017,1
28023,1
28034,1
28035,4
28038,1
28040,2
28043,1
28078,1
28083,1
28100,1
28105,2
28110,3
28115,3
28117,5
28173,2
28203,3
28205,2
28209,2
28211,1
28213,1
28214,2
28220,1
28223,1
28250,1
28269,1
28270,1
28277,1
28303,3
28304,1
28306,1
28310,1
28314,3
28348,2
28365,1
28374,2
28376,1
28387,3
28401,2
28403,2
28407,1
28409,1
28411,1
28412,4
28428,1
28443,2
28451,4
28460,2
28461,9
28462,1
28465,2
28467,3
28468,6
28469,3
28470,1
28478,1
28512,1
28532,1
28539,1
28540,2
28542,2
28544,2
28546,3
28554,1
28560,3
28562,6
28571,1
28584,1
28590,1
28594,1
28608,1
28645,1
28674,1
28677,2
28679,1
28704,1
28705,1
28715,2
28731,2
28732,6
28760,1
28762,2
28787,4
28792,1
28803,5
28804,2
28806,1
28850,1
29030,2
29033,1
29063,1
29065,1
29072,1
29148,1
29150,1
29152,1
29154,1
29201,9
29203,2
29205,1
29206,1
29209,1
29225,4
29229,1
29302,2
29303,1
29316,1
29325,1
29332,2
29340,1
29401,3
29403,6
29404,1
29406,1
29407,2
29409,2
29410,1
29412,2
29414,2
29422,1
29424,3
29438,3
29439,1
29440,1
29445,3
29451,2
29455,8
29461,1
29464,2
29466,1
29483,4
29485,1
29487,2
29488,1
29492,2
29499,1
29502,1
29509,1
29526,10
29536,1
29563,1
29566,10
29568,2
29572,8
29573,2
29575,11
29576,13
29577,13
29579,9
29582,15
29585,6
29588,6
29597,1
29601,1
29609,2
29613,1
29614,7
29615,2
29621,2
29630,2
29631,4
29632,1
29633,1
29680,2
29682,2
29693,1
29708,1
29730,2
29803,2
29805,1
29905,1
29907,2
29909,11
29910,6
29915,1
29920,3
29923,1
29926,9
29928,42
30000,1
30004,1
30005,1
30013,1
30022,1
30033,2
30034,1
30045,1
30062,1
30067,1
30076,2
30096,1
30100,1
30123,1
30132,1
30188,1
30238,2
30265,1
30274,2
30306,3
30307,1
30308,1
30310,1
30313,1
30314,1
30317,1
30318,3
30319,1
30322,3
30324,2
30328,1
30329,2
30332,6
30338,1
30345,1
30346,2
30363,1
30400,1
30420,2
30442,1
30460,1
30531,1
30552,1
30598,1
30605,1
30609,1
30625,1
30650,1
30813,1
30905,1
30907,3
30909,1
31315,1
31324,1
31326,1
31400,1
31401,2
31404,2
31407,1
31410,4
31411,3
31520,1
31525,2
31546,1
31558,1
31604,1
31605,1
31820,1
31822,2
31830,1
31905,5
31907,1
31909,2
32003,1
32034,2
32043,3
32067,1
32080,2
32082,3
32084,1
32095,1
32102,1
32113,1
32114,8
32117,1
32118,3
32119,4
32124,1
32127,3
32129,7
32131,2
32132,2
32136,3
32137,4
32141,3
32159,8
32162,42
32163,21
32164,2
32168,3
32169,1
32171,1
32174,7
32176,6
32200,2
32210,1
32216,1
32224,2
32225,2
32233,1
32246,1
32250,1
32256,1
32257,1
32266,1
32301,1
32304,1
32311,1
32313,1
32317,1
32327,1
32358,1
32404,1
32408,2
32446,1
32456,2
32503,8
32507,2
32550,1
32578,1
32598,1
32601,2
32608,1
32612,1
32625,2
32667,1
32669,2
32702,2
32703,1
32708,1
32713,2
32714,1
32715,1
32723,1
32726,2
32727,1
32736,1
32759,1
32763,2
32764,1
32778,1
32780,2
32784,2
32789,3
32792,1
32812,1
32816,1
32819,3
32821,1
32822,1
32826,1
32827,1
32830,1
32901,1
32903,2
32904,2
32905,4
32907,5
32920,6
32927,2
32929,1
32931,2
32935,1
32937,3
32940,2
32950,2
32951,2
32953,1
32955,3
32958,5
32960,1
32962,2
32963,4
32966,1
32976,8
33004,1
33013,1
33024,1
33034,1
33040,1
33042,4
33043,2
33050,3
33063,3
33064,2
33065,1
33066,2
33076,2
33131,1
33134,1
33143,2
33146,8
33155,2
33156,1
33160,1
33174,1
33186,1
33192,1
33194,1
33301,2
33309,2
33311,1
33312,1
33314,5
33316,1
33321,1
33334,1
33401,1
33406,1
33410,2
33411,2
33417,2
33428,2
33431,2
33433,1
33434,2
33435,5
33436,5
33437,6
33441,2
33445,3
33446,6
33449,1
33455,2
33461,2
33462,3
33463,1
33467,5
33470,1
33473,4
33475,1
33477,2
33478,2
33480,1
33483,2
33487,2
33498,2
33513,6
33525,1
33540,2
33541,5
33542,3
33543,5
33558,1
33569,1
33570,6
33572,2
33573,8
33578,4
33592,1
33594,3
33597,2
33602,1
33606,1
33607,1
33609,1
33617,1
33619,1
33620,1
33626,1
33647,1
33701,1
33702,5
33705,1
33706,1
33707,3
33708,5
33709,3
33711,6
33712,2
33713,1
33715,5
33758,1
33759,4
33761,2
33762,1
33763,2
33767,3
33770,3
33771,8
33772,2
33773,1
33776,1
33778,3
33785,2
33786,1
33801,8
33803,3
33809,1
33810,2
33811,3
33813,1
33825,9
33837,10
33838,2
33841,2
33843,6
33844,6
33852,4
33857,2
33859,3
33870,4
33872,6
33873,2
33876,6
33880,3
33881,5
33897,6
33898,5
33901,1
33903,6
33904,2
33905,4
33907,5
33908,14
33909,2
33912,3
33913,4
33914,2
33917,9
33919,3
33928,8
33931,4
33935,5
33936,1
33947,1
33950,4
33952,3
33953,1
33955,9
33957,1
33960,1
33966,1
33967,1
33980,3
33982,2
33983,2
33990,1
33991,3
33993,2
34000,3
34002,1
34058,1
34090,1
34100,1
34102,1
34104,8
34105,1
34108,5
34109,3
34110,5
34112,3
34113,4
34114,13
34119,3
34120,3
34134,3
34135,25
34142,1
34145,6
34170,1
34190,1
34201,3
34202,1
34203,10
34205,4
34207,2
34208,1
34209,9
34210,3
34211,2
34212,2
34217,4
34219,1
34221,4
34222,3
34223,2
34224,2
34228,5
34229,3
34231,1
34232,1
34233,5
34234,1
34235,5
34236,1
34238,3
34240,5
34242,6
34243,2
34251,1
34266,1
34275,6
34285,14
34287,8
34290,2
34293,8
34326,1
34334,2
34420,1
34429,1
34431,1
34442,1
34447,1
34450,3
34461,1
34470,2
34472,1
34481,1
34482,1
34491,4
34601,6
34606,1
34607,3
34608,2
34613,2
34653,1
34655,3
34667,3
34668,6
34669,5
34674,1
34684,4
34685,2
34688,1
34689,2
34691,1
34698,4
34711,2
34714,3
34715,3
34741,1
34746,2
34747,4
34748,3
34759,3
34769,2
34785,2
34786,1
34787,10
34788,7
34945,4
34949,2
34953,1
34957,4
34974,1
34982,1
34986,2
34987,1
34990,1
35037,1
35039,1
35041,2
35046,1
35078,2
35085,1
35122,1
35243,1
35251,1
35401,5
35487,1
35504,1
35758,1
35759,1
35801,1
35971,1
36090,1
36117,2
36251,1
36301,1
36305,1
36322,2
36330,1
36340,1
36362,1
36561,1
36617,1
36756,2
36830,3
36832,1
37000,1
37013,1
37042,2
37064,2
37076,1
37085,1
37135,2
37160,1
37167,1
37179,2
37203,2
37204,1
37206,1
37209,2
37212,3
37217,1
37221,1
37235,11
37311,2
37363,1
37383,1
37405,1
37601,1
37614,1
37645,1
37687,1
37745,1
37752,1
37765,1
37766,1
37830,1
37879,1
37916,4
37919,1
37920,1
37921,1
37996,2
38000,2
38053,2
38103,1
38104,1
38111,1
38112,1
38612,1
38655,2
38804,1
38960,1
39004,2
39056,1
39401,1
39407,7
39465,1
39507,3
39705,1
39759,1
39762,1
40000,1
40007,1
40121,5
40141,1
40204,2
40206,1
40207,1
40208,1
40211,1
40219,1
40220,2
40222,1
40353,1
40391,1
40475,1
40477,1
40489,1
40502,1
40503,1
40504,1
40508,2
40516,1
40517,1
40526,3
40591,1
40880,1
40895,1
40965,1
41001,2
41005,2
41026,1
41071,1
41095,2
41153,1
41301,1
41311,1
42117,1
42223,4
42400,1
42701,1
43015,1
43022,1
43023,2
43026,1
43050,2
43055,1
43081,1
43082,1
43105,1
43123,1
43201,10
43202,5
43206,1
43210,7
43212,2
43215,1
43220,1
43221,1
43228,4
43229,1
43402,1
43403,4
43465,1
43607,2
43611,1
43762,1
43952,3
44003,3
44017,6
44022,2
44030,1
44054,1
44056,1
44070,2
44074,5
44105,1
44106,35
44107,1
44112,1
44114,1
44115,2
44118,9
44120,1
44122,1
44130,1
44143,1
44145,2
44190,1
44212,2
44224,1
44240,16
44242,1
44243,13
44304,1
44308,1
44321,1
44325,1
44333,1
44402,1
44413,1
44471,1
44483,2
44485,1
44502,2
44505,1
44512,1
44514,1
44574,1
44601,1
44647,1
44651,1
44663,1
44691,6
44692,1
44708,1
44709,2
44720,1
44791,1
44853,1
44857,1
44903,1
44952,1
45056,5
45203,1
45204,1
45207,1
45208,1
45219,4
45220,1
45229,2
45230,1
45231,3
45236,1
45238,1
45239,1
45244,2
45305,1
45314,6
45324,2
45380,1
45406,1
45409,5
45410,1
45419,2
45431,2
45434,1
45459,1
45469,3
45701,19
45750,1
45806,1
45810,4
45840,2
46005,1
46008,1
46032,1
46077,1
46202,1
46240,1
46300,1
46375,1
46526,3
46544,1
46545,1
46556,15
46590,2
46601,1
46617,5
46637,4
46772,1
46815,1
46997,1
47130,1
47374,4
47401,1
47403,1
47404,1
47406,5
47408,1
47601,1
47670,1
47803,2
47905,1
47906,23
47907,1
47909,1
48007,1
48071,1
48073,1
48103,3
48104,17
48105,2
48108,2
48109,8
48116,1
48147,1
48165,2
48178,1
48183,1
48186,1
48197,2
48201,1
48202,2
48207,1
48230,1
48307,2
48326,1
48328,1
48331,1
48335,1
48340,1
48380,1
48382,1
48393,2
48640,1
48823,5
48825,2
48858,1
48864,3
48910,1
48912,1
48917,1
48933,2
48991,1
49000,1
49006,1
49008,1
49080,1
49090,1
49104,1
49129,1
49170,2
49200,1
49341,1
49423,2
49503,1
49504,1
49506,1
49546,2
49701,1
49783,1
49931,1
50003,1
50013,1
50129,1
50132,1
50220,1
50309,1
50536,1
50739,1
50848,2
50939,2
51031,1
51063,1
51103,1
51109,1
51373,1
51516,2
51700,1
51805,1
51960,1
52101,2
52242,3
52245,1
52246,1
52314,1
52402,1
52493,1
52655,1
52803,1
53094,2
53111,1
53130,1
53207,1
53211,1
53233,4
53533,1
53536,1
53604,1
53703,3
53704,1
53705,1
53706,2
53711,1
53712,1
53713,1
53714,1
53715,5
53726,1
54119,2
54601,1
54656,1
54660,1
54673,1
54911,2
55057,3
55102,1
55105,1
55112,1
55114,1
55234,1
55283,1
55337,1
55364,1
55402,1
55404,1
55405,1
55413,1
55414,5
55416,1
55425,1
55455,1
55987,2
56007,2
56880,2
57006,1
57106,1
57350,1
58000,1
58204,2
58222,1
58704,2
58740,2
59102,1
59404,1
59405,1
59597,1
59602,2
59715,1
59741,1
59758,1
59801,1
59859,3
59870,3
59936,1
59937,1
60002,1
60004,1
60026,1
60047,1
60074,1
60088,3
60109,2
60126,1
60178,1
60187,8
60189,1
60200,3
60201,6
60202,1
60203,1
60301,1
60302,3
60305,1
60326,1
60327,1
60431,1
60451,1
60487,1
60515,2
60564,2
60601,3
60605,3
60606,1
60607,1
60610,3
60611,3
60612,1
60613,2
60614,5
60615,8
60616,1
60618,1
60625,2
60626,5
60637,8
60640,3
60647,4
60651,1
60654,2
60657,6
60660,3
61029,2
61130,1
61348,3
61352,1
61440,1
61614,1
61733,1
61801,4
61820,9
61821,1
61853,1
62100,1
62208,1
62225,1
62269,1
62339,1
62439,1
62522,1
62901,1
63104,1
63105,2
63108,3
63110,3
63112,2
63121,1
63123,1
63130,6
63146,1
63366,1
63383,1
63421,1
63424,1
63667,1
63735,1
63739,1
64067,1
64106,1
64137,1
64154,1
64365,1
64402,1
64735,1
64743,1
65201,1
65202,2
65203,1
65270,1
65305,1
65336,1
65375,1
65459,1
65473,5
65584,1
65616,1
65726,1
65742,1
66007,1
66010,1
66046,1
66049,1
66088,1
66206,1
66223,1
66442,2
66502,4
66503,1
66670,1
67140,1
67206,1
67210,1
67214,1
67221,1
67349,2
67434,1
67454,1
67456,1
67547,1
67661,1
67800,1
68008,1
68123,2
68165,1
68170,1
68300,1
68339,1
68500,1
68503,1
68508,2
68510,1
68516,1
68787,1
68809,1
69130,2
69198,2
69254,1
69379,1
69530,1
70062,1
70112,1
70113,1
70115,3
70116,2
70117,1
70118,5
70119,3
70130,5
70131,1
70176,1
70179,1
70252,1
70433,1
70512,1
70525,2
70601,1
70619,2
70808,1
71000,2
71006,1
71037,1
71446,1
71459,1
72072,1
72076,2
72149,1
72176,1
72220,1
72465,1
72644,1
72701,1
72761,1
72774,1
73061,1
73069,1
73072,1
73100,1
73106,2
73145,1
73503,3
73521,1
74074,1
74110,1
74135,1
74171,1
75002,3
75003,3
75004,1
75005,3
75006,1
75007,8
75008,1
75010,1
75011,1
75012,1
75014,3
75016,3
75017,6
75018,3
75020,2
75039,1
75050,1
75080,1
75116,2
75140,1
75165,1
75204,1
75206,2
75211,1
75219,1
75224,1
75225,1
75236,1
75320,1
75602,1
75607,2
75703,1
75961,1
76036,1
76039,1
76102,1
76107,1
76110,1
76149,1
76180,1
76201,3
76248,1
76311,1
76367,1
76513,1
76541,1
76548,2
76549,1
76798,1
76904,1
76905,3
76908,1
77004,2
77005,1
77020,1
77025,1
77030,1
77055,1
77059,1
77204,1
77300,1
77356,1
77373,2
77384,1
77386,1
77461,2
77493,1
77539,1
77566,1
77584,2
77840,1
78043,1
78045,1
78102,1
78120,1
78154,1
78209,2
78210,1
78234,1
78240,1
78250,2
78258,1
78290,1
78382,2
78418,1
78521,1
78570,2
78572,4
78634,1
78666,2
78702,3
78705,3
78722,1
78752,1
79000,1
79100,1
79102,1
79401,1
79606,1
79764,1
79862,1
79906,1
79912,1
79916,2
79930,2
80000,1
80003,1
80016,1
80027,2
80033,1
80113,1
80121,1
80123,1
80125,1
80127,2
80129,1
80134,1
80202,3
80205,1
80206,3
80211,1
80218,1
80221,1
80224,2
80237,1
80238,1
80246,2
80249,1
80302,2
80303,1
80304,1
80305,1
80310,2
80333,1
80335,1
80337,1
80339,2
80439,1
80443,1
80465,1
80482,1
80501,2
80504,1
80521,1
80525,1
80805,1
80807,2
80814,1
80841,4
80902,1
80903,2
80907,1
80908,1
80909,1
80911,1
80918,1
80920,1
80922,1
80923,1
81226,2
81230,1
81235,1
81240,1
81252,2
81413,2
81435,1
81645,1
82054,2
82057,1
82070,1
82072,1
82194,1
82601,1
82801,4
83001,1
83301,1
83440,1
83455,2
83600,1
83605,1
83646,1
83647,1
83648,2
83702,1
83703,1
83709,1
83750,1
83843,1
84036,1
84040,1
84057,1
84070,1
84098,1
84102,4
84103,2
84105,4
84112,1
84115,1
84116,1
84124,1
84321,1
84338,1
84341,2
84405,1
84601,1
84602,1
84604,3
84606,3
84770,2
84800,1
85001,1
85003,1
85014,1
85015,1
85016,1
85020,2
85022,2
85033,1
85044,1
85045,2
85048,1
85050,3
85053,2
85086,1
85118,2
85119,2
85132,1
85138,1
85140,1
85194,1
85202,1
85205,1
85207,2
85209,10
85226,1
85233,1
85249,1
85251,2
85254,1
85255,2
85258,3
85260,7
85262,5
85266,1
85268,6
85281,1
85286,1
85288,1
85297,1
85298,3
85304,2
85327,1
85338,2
85340,1
85351,1
85356,1
85365,1
85373,1
85375,5
85386,1
85390,2
85392,1
85395,3
85578,1
85598,1
85602,1
85614,2
85615,2
85628,1
85700,1
85704,1
85705,1
85710,2
85713,1
85718,2
85719,7
85721,1
85730,2
85739,2
85742,2
85749,2
85750,1
85755,4
85778,1
85899,1
85901,1
85902,1
86004,2
86033,1
86301,1
86314,2
86320,1
86336,1
86351,1
86400,1
86404,1
86406,2
86441,1
86442,1
86989,1
87102,1
87106,2
87107,1
87108,1
87110,2
87114,1
87120,2
87191,1
87505,5
87616,1
88001,1
88011,1
88061,2
88330,1
89014,1
89034,2
89052,2
89100,2
89117,1
89119,2
89121,1
89123,2
89128,1
89129,1
89130,4
89134,1
89138,2
89148,1
89166,1
89449,1
90007,2
90010,1
90024,3
90026,1
90027,1
90028,1
90029,1
90034,1
90036,1
90037,1
90038,1
90041,1
90042,1
90043,1
90046,4
90048,1
90049,1
90066,1
90069,1
90089,6
90094,1
90230,1
90250,1
90266,4
90272,1
90275,1
90277,1
90278,3
90290,1
90291,1
90293,1
90402,1
90403,2
90405,1
90435,1
90630,1
90704,1
90803,1
90807,1
90814,1
90860,1
90936,2
91001,1
91003,1
91101,3
91208,1
91250,1
91300,1
91316,1
91344,2
91352,1
91355,1
91360,1
91362,2
91367,1
91401,1
91423,1
91502,1
91602,2
91604,1
91711,8
91775,1
91789,1
91901,1
91912,1
91913,1
91932,1
92009,2
92021,1
92024,2
92037,3
92052,1
92054,1
92055,3
92057,2
92078,1
92082,2
92092,2
92100,3
92101,1
92103,1
92106,2
92107,1
92109,6
92110,1
92111,1
92115,2
92116,1
92117,3
92120,1
92123,3
92124,2
92127,2
92128,2
92129,1
92130,2
92143,2
92150,1
92201,2
92210,2
92211,4
92234,1
92242,1
92253,2
92262,5
92264,2
92270,1
92277,1
92290,1
92310,4
92340,1
92373,1
92509,1
92562,2
92563,2
92591,1
92617,1
92656,1
92660,2
92662,2
92673,1
92692,1
92805,1
92806,1
92821,1
92866,1
92868,1
93001,2
93010,1
93013,3
93023,1
93041,1
93101,1
93105,1
93107,2
93108,1
93114,1
93116,1
93245,2
93252,1
93314,1
93405,1
93424,1
93437,1
93446,2
93465,1
93500,1
93504,1
93523,2
93535,2
93549,2
93618,1
93633,1
93787,1
93908,2
93923,3
93933,1
93940,1
93943,1
93944,1
94025,2
94028,1
94041,1
94044,1
94065,1
94070,1
94085,1
94089,1
94102,1
94103,1
94107,3
94109,3
94110,2
94115,2
94117,2
94118,1
94121,1
94122,1
94123,1
94131,3
94301,1
94305,6
94306,2
94309,1
94361,1
94501,1
94533,1
94535,1
94549,1
94582,1
94583,1
94596,1
94608,1
94610,1
94611,1
94704,4
94706,1
94709,1
94720,1
94956,1
94960,1
95008,1
95014,3
95033,1
95037,1
95053,1
95060,1
95120,1
95355,1
95448,2
95453,1
95467,1
95488,2
95521,2
95590,1
95616,1
95624,1
95648,1
95687,1
95688,1
95694,1
95746,1
95757,1
95922,1
96001,1
96002,1
96204,2
96206,1
96264,1
96319,2
96322,1
96349,1
96351,1
96367,1
96379,1
96387,1
96426,1
96439,1
96450,1
96462,1
96555,1
96601,2
96604,1
96609,1
96612,1
96615,1
96626,1
96663,1
96706,1
96734,2
96740,1
96744,1
96779,1
96814,1
96815,2
96818,6
96820,1
96822,1
96825,2
96826,4
96861,1
96929,1
97201,2
97202,3
97203,1
97205,1
97206,1
97209,1
97211,1
97212,1
97214,1
97219,1
97223,1
97232,1
97301,1
97338,1
97403,1
97405,2
97420,1
97702,1
97703,2
98072,1
98103,2
98105,1
98107,2
98110,1
98112,1
98117,1
98119,1
98144,1
98199,1
98223,1
98225,1
98250,1
98275,2
98277,2
98311,2
98337,1
98373,1
98433,3
98447,1
98661,2
98801,1
98802,1
98809,1
99163,1
99201,1
99208,1
99258,1
99352,1
99506,1
99544,1
99559,1
99609,1
99801,1
99875,3
99900,1
99901,1
